{
    "beta": 3.54579646279115,
    "gamma": -0.0221590670114986,
    "delta": -1.4318250599319156
}